{
  "Recall@10": 0.005759468567118076,
  "Recall@50": 0.01926341931526013,
  "Recall@100": 0.03114057978224787,
  "Recall@200": 0.04923290500337579,
  "Recall@500": 0.08804585532226887
}